IP地址,端口,TLS,数据中心,地区,国际代码,国家,城市,网络延迟
199.15.79.60,56663,true,HKG,亚太,HK,香港,香港,1 ms
199.15.79.60,20273,true,HKG,亚太,HK,香港,香港,1 ms
199.15.79.60,38162,true,HKG,亚太,HK,香港,香港,1 ms
199.15.79.60,49179,true,HKG,亚太,HK,香港,香港,1 ms
198.62.62.142,443,true,HKG,亚太,HK,香港,香港,1 ms
154.197.92.73,9888,true,MRS,欧洲,FR,法国,马赛,1 ms
104.20.27.133,2096,true,HKG,亚太,HK,香港,香港,1 ms
198.62.62.170,443,true,HKG,亚太,HK,香港,香港,1 ms
198.62.62.49,443,true,HKG,亚太,HK,香港,香港,1 ms
206.238.236.48,443,true,HKG,亚太,HK,香港,香港,1 ms
149.104.35.51,9888,true,MRS,欧洲,FR,法国,马赛,1 ms
198.62.62.206,443,true,HKG,亚太,HK,香港,香港,1 ms
154.197.92.88,9888,true,MRS,欧洲,FR,法国,马赛,1 ms
198.62.62.28,443,true,HKG,亚太,HK,香港,香港,1 ms
198.62.62.223,443,true,HKG,亚太,HK,香港,香港,1 ms
198.62.62.44,443,true,HKG,亚太,HK,香港,香港,1 ms
149.104.35.70,9888,true,MRS,欧洲,FR,法国,马赛,1 ms
69.84.182.82,443,true,HKG,亚太,HK,香港,香港,1 ms
198.62.62.251,443,true,HKG,亚太,HK,香港,香港,1 ms
199.15.79.60,58517,true,HKG,亚太,HK,香港,香港,1 ms
149.104.34.26,9888,true,MRS,欧洲,FR,法国,马赛,1 ms
154.197.121.129,2053,true,HKG,亚太,HK,香港,香港,1 ms
104.19.43.159,443,true,HKG,亚太,HK,香港,香港,1 ms
75.2.32.4,443,true,IAD,北美洲,US,美国,阿什本,1 ms
104.19.32.235,443,true,HKG,亚太,HK,香港,香港,1 ms
149.104.35.72,9888,true,MRS,欧洲,FR,法国,马赛,1 ms
149.104.35.123,9888,true,MRS,欧洲,FR,法国,马赛,1 ms
206.238.236.37,443,true,HKG,亚太,HK,香港,香港,1 ms
69.84.182.187,443,true,HKG,亚太,HK,香港,香港,1 ms
149.104.35.59,9888,true,MRS,欧洲,FR,法国,马赛,1 ms
149.104.35.52,9888,true,MRS,欧洲,FR,法国,马赛,1 ms
149.104.34.27,9888,true,MRS,欧洲,FR,法国,马赛,1 ms
154.194.64.131,9888,true,MRS,欧洲,FR,法国,马赛,1 ms
149.104.35.106,9888,true,MRS,欧洲,FR,法国,马赛,1 ms
149.104.35.53,9888,true,MRS,欧洲,FR,法国,马赛,1 ms
154.197.92.117,9888,true,MRS,欧洲,FR,法国,马赛,1 ms
69.84.182.97,443,true,HKG,亚太,HK,香港,香港,1 ms
154.194.64.135,9888,true,MRS,欧洲,FR,法国,马赛,1 ms
154.197.92.109,9888,true,MRS,欧洲,FR,法国,马赛,1 ms
154.197.92.115,9888,true,MRS,欧洲,FR,法国,马赛,1 ms
154.197.92.84,9888,true,MRS,欧洲,FR,法国,马赛,1 ms
149.104.35.90,9888,true,MRS,欧洲,FR,法国,马赛,1 ms
154.197.92.67,9888,true,MRS,欧洲,FR,法国,马赛,1 ms
104.19.36.87,443,true,HKG,亚太,HK,香港,香港,1 ms
154.197.121.123,2096,true,HKG,亚太,HK,香港,香港,1 ms
149.104.35.103,9888,true,MRS,欧洲,FR,法国,马赛,1 ms
149.104.35.73,9888,true,MRS,欧洲,FR,法国,马赛,1 ms
149.104.35.96,9888,true,MRS,欧洲,FR,法国,马赛,1 ms
149.104.35.58,9888,true,MRS,欧洲,FR,法国,马赛,1 ms
149.104.35.55,9888,true,MRS,欧洲,FR,法国,马赛,1 ms
149.104.35.4,9888,true,MRS,欧洲,FR,法国,马赛,1 ms
149.104.35.3,9888,true,MRS,欧洲,FR,法国,马赛,1 ms
149.104.34.29,9888,true,MRS,欧洲,FR,法国,马赛,1 ms
154.197.92.80,9888,true,MRS,欧洲,FR,法国,马赛,1 ms
199.15.79.60,46713,true,HKG,亚太,HK,香港,香港,1 ms
154.197.92.85,9888,true,MRS,欧洲,FR,法国,马赛,1 ms
162.159.153.228,443,true,HKG,亚太,HK,香港,香港,1 ms
154.197.92.70,9888,true,MRS,欧洲,FR,法国,马赛,1 ms
149.104.35.125,9888,true,MRS,欧洲,FR,法国,马赛,1 ms
104.19.57.183,2096,true,HKG,亚太,HK,香港,香港,1 ms
104.20.27.224,2096,true,HKG,亚太,HK,香港,香港,1 ms
149.104.35.89,9888,true,MRS,欧洲,FR,法国,马赛,1 ms
149.104.35.81,9888,true,MRS,欧洲,FR,法国,马赛,1 ms
154.197.92.110,9888,true,MRS,欧洲,FR,法国,马赛,1 ms
149.104.34.213,9888,true,MRS,欧洲,FR,法国,马赛,1 ms
198.62.62.67,443,true,HKG,亚太,HK,香港,香港,1 ms
149.104.35.124,9888,true,MRS,欧洲,FR,法国,马赛,1 ms
154.197.92.121,9888,true,MRS,欧洲,FR,法国,马赛,1 ms
69.84.182.58,443,true,HKG,亚太,HK,香港,香港,1 ms
154.197.92.119,9888,true,MRS,欧洲,FR,法国,马赛,1 ms
162.159.141.161,2053,true,HKG,亚太,HK,香港,香港,1 ms
149.104.35.66,9888,true,MRS,欧洲,FR,法国,马赛,1 ms
154.194.64.130,9888,true,MRS,欧洲,FR,法国,马赛,1 ms
149.104.35.77,9888,true,MRS,欧洲,FR,法国,马赛,1 ms
104.19.46.148,443,true,HKG,亚太,HK,香港,香港,1 ms
104.20.30.149,2087,true,HKG,亚太,HK,香港,香港,1 ms
149.104.35.84,9888,true,MRS,欧洲,FR,法国,马赛,1 ms
154.197.92.118,9888,true,MRS,欧洲,FR,法国,马赛,1 ms
198.62.62.156,443,true,HKG,亚太,HK,香港,香港,1 ms
154.194.64.132,9888,true,MRS,欧洲,FR,法国,马赛,1 ms
154.197.92.66,9888,true,MRS,欧洲,FR,法国,马赛,1 ms
149.104.35.114,9888,true,MRS,欧洲,FR,法国,马赛,1 ms
154.197.92.106,9888,true,MRS,欧洲,FR,法国,马赛,1 ms
154.197.92.72,9888,true,MRS,欧洲,FR,法国,马赛,1 ms
149.104.35.112,9888,true,MRS,欧洲,FR,法国,马赛,1 ms
154.194.64.138,9888,true,MRS,欧洲,FR,法国,马赛,1 ms
149.104.35.83,9888,true,MRS,欧洲,FR,法国,马赛,1 ms
149.104.34.210,9888,true,MRS,欧洲,FR,法国,马赛,1 ms
156.251.180.181,21698,true,HKG,亚太,HK,香港,香港,1 ms
149.104.35.74,9888,true,MRS,欧洲,FR,法国,马赛,1 ms
149.104.35.92,9888,true,MRS,欧洲,FR,法国,马赛,1 ms
149.104.35.80,9888,true,MRS,欧洲,FR,法国,马赛,1 ms
149.104.35.99,9888,true,MRS,欧洲,FR,法国,马赛,1 ms
160.79.104.156,443,true,HKG,亚太,HK,香港,香港,1 ms
154.197.92.123,9888,true,MRS,欧洲,FR,法国,马赛,1 ms
198.62.62.252,443,true,HKG,亚太,HK,香港,香港,1 ms
154.197.92.103,9888,true,MRS,欧洲,FR,法国,马赛,1 ms
149.104.35.115,9888,true,MRS,欧洲,FR,法国,马赛,1 ms
162.159.153.237,443,true,HKG,亚太,HK,香港,香港,1 ms
149.104.34.211,9888,true,MRS,欧洲,FR,法国,马赛,1 ms
198.62.62.151,443,true,HKG,亚太,HK,香港,香港,1 ms
149.104.35.94,9888,true,MRS,欧洲,FR,法国,马赛,1 ms
162.159.153.222,443,true,HKG,亚太,HK,香港,香港,1 ms
163.53.246.186,31731,true,HKG,亚太,HK,香港,香港,1 ms
83.229.124.185,30002,true,HKG,亚太,HK,香港,香港,1 ms
69.84.182.197,443,true,HKG,亚太,HK,香港,香港,1 ms
154.197.92.75,9888,true,MRS,欧洲,FR,法国,马赛,1 ms
104.19.32.123,443,true,HKG,亚太,HK,香港,香港,1 ms
154.197.92.81,9888,true,MRS,欧洲,FR,法国,马赛,1 ms
149.104.35.5,9888,true,MRS,欧洲,FR,法国,马赛,1 ms
154.197.92.77,9888,true,MRS,欧洲,FR,法国,马赛,1 ms
99.83.209.185,443,true,IAD,北美洲,US,美国,阿什本,1 ms
149.104.35.88,9888,true,MRS,欧洲,FR,法国,马赛,1 ms
206.238.236.83,443,true,HKG,亚太,HK,香港,香港,1 ms
154.197.92.93,9888,true,MRS,欧洲,FR,法国,马赛,1 ms
149.104.35.105,9888,true,MRS,欧洲,FR,法国,马赛,1 ms
198.62.62.192,443,true,HKG,亚太,HK,香港,香港,1 ms
162.159.153.194,443,true,HKG,亚太,HK,香港,香港,1 ms
104.19.38.59,443,true,HKG,亚太,HK,香港,香港,1 ms
149.104.35.110,9888,true,MRS,欧洲,FR,法国,马赛,1 ms
149.104.35.108,9888,true,MRS,欧洲,FR,法国,马赛,1 ms
149.104.35.86,9888,true,MRS,欧洲,FR,法国,马赛,1 ms
154.197.92.91,9888,true,MRS,欧洲,FR,法国,马赛,1 ms
154.197.92.101,9888,true,MRS,欧洲,FR,法国,马赛,1 ms
149.104.35.71,9888,true,MRS,欧洲,FR,法国,马赛,1 ms
154.197.92.120,9888,true,MRS,欧洲,FR,法国,马赛,1 ms
149.104.34.214,9888,true,MRS,欧洲,FR,法国,马赛,1 ms
162.159.142.252,2096,true,HKG,亚太,HK,香港,香港,1 ms
219.76.13.166,443,true,HKG,亚太,HK,香港,香港,1 ms
198.62.62.243,443,true,HKG,亚太,HK,香港,香港,1 ms
43.135.44.101,30002,true,HKG,亚太,HK,香港,香港,1 ms
162.159.138.178,2053,true,HKG,亚太,HK,香港,香港,1 ms
104.19.41.109,443,true,HKG,亚太,HK,香港,香港,1 ms
162.159.153.240,443,true,HKG,亚太,HK,香港,香港,2 ms
69.84.182.78,443,true,HKG,亚太,HK,香港,香港,2 ms
198.62.62.102,443,true,HKG,亚太,HK,香港,香港,2 ms
162.159.153.247,443,true,HKG,亚太,HK,香港,香港,2 ms
69.84.182.196,443,true,HKG,亚太,HK,香港,香港,2 ms
219.76.13.177,443,true,HKG,亚太,HK,香港,香港,2 ms
162.159.153.255,443,true,HKG,亚太,HK,香港,香港,2 ms
198.62.62.91,443,true,HKG,亚太,HK,香港,香港,2 ms
69.84.182.35,443,true,HKG,亚太,HK,香港,香港,2 ms
104.19.47.133,443,true,HKG,亚太,HK,香港,香港,2 ms
43.154.96.33,443,true,HKG,亚太,HK,香港,香港,2 ms
8.218.245.116,41528,true,HKG,亚太,HK,香港,香港,2 ms
47.238.154.106,23412,true,HKG,亚太,HK,香港,香港,2 ms
8.210.142.146,12346,true,HKG,亚太,HK,香港,香港,2 ms
219.76.13.164,443,true,HKG,亚太,HK,香港,香港,2 ms
8.218.148.106,443,true,HKG,亚太,HK,香港,香港,2 ms
192.0.54.45,443,true,HKG,亚太,HK,香港,香港,2 ms
103.247.28.183,62678,true,HKG,亚太,HK,香港,香港,2 ms
8.218.53.44,39439,true,HKG,亚太,HK,香港,香港,2 ms
185.65.149.44,443,true,HKG,亚太,HK,香港,香港,2 ms
8.217.36.98,14934,true,HKG,亚太,HK,香港,香港,2 ms
47.56.196.176,10443,true,HKG,亚太,HK,香港,香港,2 ms
47.242.172.10,45936,true,HKG,亚太,HK,香港,香港,2 ms
8.217.45.219,18251,true,HKG,亚太,HK,香港,香港,2 ms
141.11.77.234,31123,true,HKG,亚太,HK,香港,香港,2 ms
38.207.160.205,34237,true,HKG,亚太,HK,香港,香港,2 ms
141.11.77.234,31189,true,HKG,亚太,HK,香港,香港,2 ms
141.11.77.234,31176,true,HKG,亚太,HK,香港,香港,2 ms
8.217.116.124,5566,true,HKG,亚太,HK,香港,香港,2 ms
219.76.13.180,443,true,HKG,亚太,HK,香港,香港,2 ms
154.21.203.44,16787,true,HKG,亚太,HK,香港,香港,2 ms
141.11.77.234,31172,true,HKG,亚太,HK,香港,香港,2 ms
47.243.106.124,34184,true,HKG,亚太,HK,香港,香港,2 ms
192.0.63.236,443,true,HKG,亚太,HK,香港,香港,2 ms
141.11.77.234,31142,true,HKG,亚太,HK,香港,香港,2 ms
52.229.202.197,15438,true,HKG,亚太,HK,香港,香港,3 ms
47.57.245.232,443,true,SJC,北美洲,US,美国,圣何塞,3 ms
58.176.229.127,35002,true,HKG,亚太,HK,香港,香港,3 ms
141.11.77.234,31148,true,HKG,亚太,HK,香港,香港,3 ms
141.11.77.234,31187,true,HKG,亚太,HK,香港,香港,3 ms
219.79.57.93,443,true,HKG,亚太,HK,香港,香港,3 ms
141.11.77.234,31171,true,HKG,亚太,HK,香港,香港,3 ms
141.11.77.234,31193,true,HKG,亚太,HK,香港,香港,3 ms
141.11.77.234,31170,true,HKG,亚太,HK,香港,香港,3 ms
47.238.191.156,34237,true,HKG,亚太,HK,香港,香港,3 ms
149.104.35.111,9888,true,MRS,欧洲,FR,法国,马赛,3 ms
47.242.147.15,56277,true,HKG,亚太,HK,香港,香港,3 ms
69.84.182.114,443,true,HKG,亚太,HK,香港,香港,3 ms
154.21.203.44,46491,true,HKG,亚太,HK,香港,香港,3 ms
103.235.18.61,34237,true,HKG,亚太,HK,香港,香港,3 ms
43.129.171.137,443,true,HKG,亚太,HK,香港,香港,3 ms
154.197.92.82,9888,true,MRS,欧洲,FR,法国,马赛,3 ms
8.210.7.36,43891,true,HKG,亚太,HK,香港,香港,3 ms
123.202.145.26,443,true,HKG,亚太,HK,香港,香港,3 ms
47.56.196.176,9443,true,HKG,亚太,HK,香港,香港,3 ms
141.11.77.234,31169,true,HKG,亚太,HK,香港,香港,4 ms
119.28.189.227,32079,true,HKG,亚太,HK,香港,香港,4 ms
198.62.62.185,443,true,HKG,亚太,HK,香港,香港,4 ms
8.218.65.62,443,true,HKG,亚太,HK,香港,香港,4 ms
141.11.77.234,31186,true,HKG,亚太,HK,香港,香港,4 ms
47.57.13.107,443,true,HKG,亚太,HK,香港,香港,4 ms
141.11.77.234,31165,true,HKG,亚太,HK,香港,香港,4 ms
219.76.13.181,443,true,HKG,亚太,HK,香港,香港,4 ms
149.104.35.82,9888,true,MRS,欧洲,FR,法国,马赛,4 ms
161.81.233.147,16546,true,HKG,亚太,HK,香港,香港,4 ms
47.242.169.69,52721,true,HKG,亚太,HK,香港,香港,4 ms
198.62.62.32,443,true,HKG,亚太,HK,香港,香港,4 ms
154.12.176.201,587,true,HKG,亚太,HK,香港,香港,4 ms
198.62.62.132,443,true,HKG,亚太,HK,香港,香港,4 ms
69.84.182.198,443,true,HKG,亚太,HK,香港,香港,4 ms
162.159.58.157,2053,true,HKG,亚太,HK,香港,香港,4 ms
141.11.77.234,31143,true,HKG,亚太,HK,香港,香港,4 ms
198.62.62.48,443,true,HKG,亚太,HK,香港,香港,4 ms
206.238.236.223,443,true,HKG,亚太,HK,香港,香港,5 ms
154.197.92.92,9888,true,MRS,欧洲,FR,法国,马赛,5 ms
141.11.77.234,31196,true,HKG,亚太,HK,香港,香港,5 ms
104.19.32.125,443,true,HKG,亚太,HK,香港,香港,5 ms
104.19.38.244,443,true,HKG,亚太,HK,香港,香港,5 ms
47.57.14.118,443,true,SJC,北美洲,US,美国,圣何塞,5 ms
104.19.48.242,443,true,HKG,亚太,HK,香港,香港,5 ms
141.11.77.234,31173,true,HKG,亚太,HK,香港,香港,5 ms
198.62.62.54,443,true,HKG,亚太,HK,香港,香港,5 ms
149.104.35.98,9888,true,MRS,欧洲,FR,法国,马赛,5 ms
69.84.182.61,443,true,HKG,亚太,HK,香港,香港,5 ms
141.11.77.234,31128,true,HKG,亚太,HK,香港,香港,5 ms
47.243.106.124,59384,true,HKG,亚太,HK,香港,香港,5 ms
141.11.77.234,31141,true,HKG,亚太,HK,香港,香港,5 ms
69.84.182.193,443,true,HKG,亚太,HK,香港,香港,5 ms
104.19.40.222,443,true,HKG,亚太,HK,香港,香港,5 ms
104.19.60.181,443,true,HKG,亚太,HK,香港,香港,5 ms
141.11.77.234,31178,true,HKG,亚太,HK,香港,香港,5 ms
104.19.56.124,443,true,HKG,亚太,HK,香港,香港,5 ms
69.84.182.43,443,true,HKG,亚太,HK,香港,香港,5 ms
103.247.29.151,19389,true,HKG,亚太,HK,香港,香港,6 ms
104.19.55.40,443,true,HKG,亚太,HK,香港,香港,6 ms
141.11.77.234,31194,true,HKG,亚太,HK,香港,香港,6 ms
198.62.62.113,443,true,HKG,亚太,HK,香港,香港,6 ms
198.62.62.106,443,true,HKG,亚太,HK,香港,香港,6 ms
154.12.179.210,13172,true,HKG,亚太,HK,香港,香港,6 ms
154.197.92.86,9888,true,MRS,欧洲,FR,法国,马赛,6 ms
183.178.22.246,11417,true,HKG,亚太,HK,香港,香港,6 ms
192.0.63.41,443,true,HKG,亚太,HK,香港,香港,6 ms
198.62.62.114,443,true,HKG,亚太,HK,香港,香港,6 ms
104.19.48.239,443,true,HKG,亚太,HK,香港,香港,6 ms
198.62.62.241,443,true,HKG,亚太,HK,香港,香港,6 ms
69.84.182.159,443,true,HKG,亚太,HK,香港,香港,6 ms
47.242.126.60,32606,true,HKG,亚太,HK,香港,香港,6 ms
104.19.42.153,443,true,HKG,亚太,HK,香港,香港,6 ms
47.75.101.0,3443,true,HKG,亚太,HK,香港,香港,7 ms
206.238.236.221,443,true,HKG,亚太,HK,香港,香港,7 ms
198.62.62.60,443,true,HKG,亚太,HK,香港,香港,7 ms
69.84.182.88,443,true,HKG,亚太,HK,香港,香港,7 ms
69.84.182.216,443,true,HKG,亚太,HK,香港,香港,7 ms
199.15.79.60,34419,true,HKG,亚太,HK,香港,香港,7 ms
69.84.182.233,443,true,HKG,亚太,HK,香港,香港,7 ms
69.84.182.15,443,true,HKG,亚太,HK,香港,香港,7 ms
219.76.13.186,443,true,HKG,亚太,HK,香港,香港,7 ms
160.123.255.114,443,true,HKG,亚太,HK,香港,香港,7 ms
206.238.236.246,443,true,HKG,亚太,HK,香港,香港,7 ms
198.62.62.26,443,true,HKG,亚太,HK,香港,香港,7 ms
69.84.182.225,443,true,HKG,亚太,HK,香港,香港,7 ms
206.237.6.57,443,true,HKG,亚太,HK,香港,香港,7 ms
198.62.62.215,443,true,HKG,亚太,HK,香港,香港,7 ms
112.120.127.246,7,true,TPE,亚太,TW,台湾,台北,8 ms
198.62.62.222,443,true,HKG,亚太,HK,香港,香港,8 ms
154.194.64.137,9888,true,MRS,欧洲,FR,法国,马赛,8 ms
198.62.62.8,443,true,HKG,亚太,HK,香港,香港,8 ms
141.11.77.234,31130,true,HKG,亚太,HK,香港,香港,8 ms
69.84.182.236,443,true,HKG,亚太,HK,香港,香港,8 ms
198.62.62.163,443,true,HKG,亚太,HK,香港,香港,8 ms
162.159.138.178,8443,true,HKG,亚太,HK,香港,香港,8 ms
206.238.236.206,443,true,HKG,亚太,HK,香港,香港,8 ms
104.20.30.149,8443,true,HKG,亚太,HK,香港,香港,8 ms
202.37.33.80,443,true,HKG,亚太,HK,香港,香港,8 ms
141.11.77.234,31182,true,HKG,亚太,HK,香港,香港,8 ms
141.11.77.234,31177,true,HKG,亚太,HK,香港,香港,8 ms
112.119.49.206,23555,true,HKG,亚太,HK,香港,香港,9 ms
141.11.77.234,31166,true,HKG,亚太,HK,香港,香港,9 ms
198.62.62.64,443,true,HKG,亚太,HK,香港,香港,9 ms
198.62.62.131,443,true,HKG,亚太,HK,香港,香港,9 ms
198.62.62.204,443,true,HKG,亚太,HK,香港,香港,9 ms
141.11.77.234,31126,true,HKG,亚太,HK,香港,香港,9 ms
206.238.236.154,443,true,HKG,亚太,HK,香港,香港,9 ms
154.197.92.124,9888,true,MRS,欧洲,FR,法国,马赛,9 ms
69.84.182.213,443,true,HKG,亚太,HK,香港,香港,9 ms
141.11.77.234,31185,true,HKG,亚太,HK,香港,香港,9 ms
198.62.62.42,443,true,HKG,亚太,HK,香港,香港,9 ms
69.84.182.144,443,true,HKG,亚太,HK,香港,香港,9 ms
183.178.22.246,36669,true,HKG,亚太,HK,香港,香港,9 ms
198.62.62.0,443,true,HKG,亚太,HK,香港,香港,10 ms
104.19.32.217,443,true,HKG,亚太,HK,香港,香港,10 ms
69.84.182.94,443,true,HKG,亚太,HK,香港,香港,10 ms
104.19.34.125,443,true,HKG,亚太,HK,香港,香港,10 ms
38.207.173.137,18898,true,HKG,亚太,HK,香港,香港,10 ms
69.84.182.90,443,true,HKG,亚太,HK,香港,香港,10 ms
104.19.57.37,443,true,HKG,亚太,HK,香港,香港,10 ms
129.227.139.137,443,true,HKG,亚太,HK,香港,香港,10 ms
149.104.34.28,9888,true,MRS,欧洲,FR,法国,马赛,11 ms
104.19.40.84,443,true,HKG,亚太,HK,香港,香港,11 ms
198.62.62.166,443,true,HKG,亚太,HK,香港,香港,11 ms
69.84.182.209,443,true,HKG,亚太,HK,香港,香港,11 ms
69.84.182.29,443,true,HKG,亚太,HK,香港,香港,11 ms
69.84.182.165,443,true,HKG,亚太,HK,香港,香港,11 ms
69.84.182.12,443,true,HKG,亚太,HK,香港,香港,11 ms
104.19.107.190,2096,true,HKG,亚太,HK,香港,香港,11 ms
69.84.182.21,443,true,HKG,亚太,HK,香港,香港,11 ms
160.123.255.159,443,true,HKG,亚太,HK,香港,香港,11 ms
104.19.38.100,443,true,HKG,亚太,HK,香港,香港,11 ms
198.62.62.15,443,true,HKG,亚太,HK,香港,香港,11 ms
69.84.182.102,443,true,HKG,亚太,HK,香港,香港,11 ms
104.19.37.9,443,true,HKG,亚太,HK,香港,香港,11 ms
58.82.217.248,12785,true,HKG,亚太,HK,香港,香港,12 ms
69.84.182.242,443,true,HKG,亚太,HK,香港,香港,12 ms
198.62.62.171,443,true,HKG,亚太,HK,香港,香港,12 ms
69.84.182.160,443,true,HKG,亚太,HK,香港,香港,12 ms
160.123.255.61,443,true,HKG,亚太,HK,香港,香港,12 ms
141.11.77.234,31179,true,HKG,亚太,HK,香港,香港,12 ms
38.207.172.108,45800,true,HKG,亚太,HK,香港,香港,12 ms
203.198.16.91,7,true,TPE,亚太,TW,台湾,台北,12 ms
69.84.182.76,443,true,HKG,亚太,HK,香港,香港,12 ms
198.62.62.228,443,true,HKG,亚太,HK,香港,香港,12 ms
198.62.62.235,443,true,HKG,亚太,HK,香港,香港,12 ms
104.19.39.139,443,true,HKG,亚太,HK,香港,香港,13 ms
104.19.35.143,443,true,HKG,亚太,HK,香港,香港,13 ms
104.19.63.118,443,true,HKG,亚太,HK,香港,香港,13 ms
69.84.182.211,443,true,HKG,亚太,HK,香港,香港,13 ms
167.68.42.113,2053,true,HKG,亚太,HK,香港,香港,13 ms
69.84.182.232,443,true,HKG,亚太,HK,香港,香港,14 ms
172.67.74.9,2087,true,HKG,亚太,HK,香港,香港,14 ms
69.84.182.177,443,true,HKG,亚太,HK,香港,香港,14 ms
69.84.182.41,443,true,HKG,亚太,HK,香港,香港,14 ms
104.19.37.13,443,true,HKG,亚太,HK,香港,香港,14 ms
69.84.182.200,443,true,HKG,亚太,HK,香港,香港,14 ms
104.19.33.185,443,true,HKG,亚太,HK,香港,香港,14 ms
198.62.62.180,443,true,HKG,亚太,HK,香港,香港,14 ms
104.19.40.95,443,true,HKG,亚太,HK,香港,香港,14 ms
141.11.77.234,31149,true,HKG,亚太,HK,香港,香港,15 ms
162.159.153.97,443,true,HKG,亚太,HK,香港,香港,15 ms
104.19.58.145,443,true,HKG,亚太,HK,香港,香港,15 ms
104.19.50.14,443,true,HKG,亚太,HK,香港,香港,15 ms
104.19.32.60,443,true,HKG,亚太,HK,香港,香港,15 ms
162.159.153.95,443,true,HKG,亚太,HK,香港,香港,15 ms
162.159.152.207,443,true,HKG,亚太,HK,香港,香港,15 ms
141.11.79.224,65250,true,HKG,亚太,HK,香港,香港,15 ms
162.159.153.104,443,true,HKG,亚太,HK,香港,香港,15 ms
162.159.152.231,443,true,HKG,亚太,HK,香港,香港,16 ms
219.76.13.169,443,true,HKG,亚太,HK,香港,香港,16 ms
104.19.36.201,443,true,HKG,亚太,HK,香港,香港,16 ms
104.19.103.190,2096,true,HKG,亚太,HK,香港,香港,16 ms
104.19.50.53,443,true,HKG,亚太,HK,香港,香港,16 ms
104.19.49.207,443,true,HKG,亚太,HK,香港,香港,17 ms
104.19.63.108,443,true,HKG,亚太,HK,香港,香港,17 ms
141.11.77.234,31175,true,HKG,亚太,HK,香港,香港,17 ms
141.11.77.234,31181,true,HKG,亚太,HK,香港,香港,17 ms
202.81.235.90,50100,true,SIN,亚太,SG,新加坡,新加坡,18 ms
104.19.32.176,443,true,HKG,亚太,HK,香港,香港,18 ms
104.19.34.211,443,true,HKG,亚太,HK,香港,香港,18 ms
104.19.59.94,443,true,HKG,亚太,HK,香港,香港,18 ms
162.159.152.217,443,true,HKG,亚太,HK,香港,香港,18 ms
103.246.218.114,18836,true,TPE,亚太,TW,台湾,台北,18 ms
161.81.118.131,22183,true,HKG,亚太,HK,香港,香港,18 ms
104.19.51.187,443,true,HKG,亚太,HK,香港,香港,18 ms
69.84.182.186,443,true,HKG,亚太,HK,香港,香港,18 ms
104.19.43.73,443,true,HKG,亚太,HK,香港,香港,18 ms
104.19.56.107,443,true,HKG,亚太,HK,香港,香港,19 ms
192.0.63.61,443,true,HKG,亚太,HK,香港,香港,19 ms
161.81.246.134,29130,true,HKG,亚太,HK,香港,香港,19 ms
104.19.32.214,443,true,HKG,亚太,HK,香港,香港,19 ms
198.62.62.207,443,true,HKG,亚太,HK,香港,香港,19 ms
160.123.255.182,443,true,HKG,亚太,HK,香港,香港,19 ms
45.67.215.53,443,true,HKG,亚太,HK,香港,香港,19 ms
104.19.32.182,443,true,HKG,亚太,HK,香港,香港,19 ms
161.81.233.46,26643,true,HKG,亚太,HK,香港,香港,19 ms
135.84.76.151,443,true,HKG,亚太,HK,香港,香港,19 ms
223.122.144.93,28854,true,HKG,亚太,HK,香港,香港,19 ms
69.84.182.1,443,true,HKG,亚太,HK,香港,香港,19 ms
69.84.182.70,443,true,HKG,亚太,HK,香港,香港,19 ms
154.197.92.113,9888,true,MRS,欧洲,FR,法国,马赛,19 ms
69.84.182.30,443,true,HKG,亚太,HK,香港,香港,19 ms
161.81.222.195,18687,true,HKG,亚太,HK,香港,香港,19 ms
192.200.160.145,443,true,HKG,亚太,HK,香港,香港,19 ms
104.19.36.181,443,true,HKG,亚太,HK,香港,香港,20 ms
198.62.62.37,443,true,HKG,亚太,HK,香港,香港,20 ms
104.19.41.90,443,true,HKG,亚太,HK,香港,香港,20 ms
221.124.240.28,10332,true,HKG,亚太,HK,香港,香港,20 ms
192.200.160.99,443,true,HKG,亚太,HK,香港,香港,20 ms
45.67.215.67,443,true,HKG,亚太,HK,香港,香港,20 ms
192.0.63.47,443,true,HKG,亚太,HK,香港,香港,20 ms
141.11.77.234,31184,true,HKG,亚太,HK,香港,香港,20 ms
20.239.55.42,587,true,HKG,亚太,HK,香港,香港,20 ms
162.159.153.239,443,true,HKG,亚太,HK,香港,香港,20 ms
192.0.54.22,443,true,HKG,亚太,HK,香港,香港,20 ms
194.76.18.11,443,true,HKG,亚太,HK,香港,香港,21 ms
104.19.32.41,443,true,HKG,亚太,HK,香港,香港,21 ms
223.122.233.73,31061,true,HKG,亚太,HK,香港,香港,21 ms
104.19.36.131,443,true,HKG,亚太,HK,香港,香港,21 ms
104.19.34.221,443,true,HKG,亚太,HK,香港,香港,21 ms
141.11.77.234,31127,true,HKG,亚太,HK,香港,香港,21 ms
162.159.153.244,443,true,HKG,亚太,HK,香港,香港,21 ms
149.104.18.225,19998,true,HKG,亚太,HK,香港,香港,21 ms
104.19.32.248,443,true,HKG,亚太,HK,香港,香港,22 ms
104.19.54.212,443,true,HKG,亚太,HK,香港,香港,22 ms
69.84.182.172,443,true,HKG,亚太,HK,香港,香港,22 ms
192.0.54.68,443,true,HKG,亚太,HK,香港,香港,22 ms
103.137.63.5,46832,true,TPE,亚太,TW,台湾,台北,22 ms
42.98.167.229,12345,true,HKG,亚太,HK,香港,香港,22 ms
192.0.54.228,443,true,HKG,亚太,HK,香港,香港,22 ms
35.201.203.106,443,true,TPE,亚太,TW,台湾,台北,22 ms
141.11.86.94,45888,true,TPE,亚太,TW,台湾,台北,22 ms
198.62.62.39,443,true,HKG,亚太,HK,香港,香港,23 ms
217.163.76.99,443,true,HKG,亚太,HK,香港,香港,23 ms
45.67.215.6,443,true,HKG,亚太,HK,香港,香港,23 ms
104.19.34.204,443,true,HKG,亚太,HK,香港,香港,23 ms
160.79.105.83,443,true,HKG,亚太,HK,香港,香港,23 ms
69.84.182.39,443,true,HKG,亚太,HK,香港,香港,23 ms
104.19.46.30,443,true,HKG,亚太,HK,香港,香港,23 ms
141.11.77.234,31144,true,HKG,亚太,HK,香港,香港,23 ms
45.67.215.29,443,true,HKG,亚太,HK,香港,香港,23 ms
192.200.160.104,443,true,HKG,亚太,HK,香港,香港,24 ms
69.84.182.138,443,true,HKG,亚太,HK,香港,香港,24 ms
69.84.182.101,443,true,HKG,亚太,HK,香港,香港,24 ms
104.19.32.223,443,true,HKG,亚太,HK,香港,香港,26 ms
194.76.18.143,443,true,HKG,亚太,HK,香港,香港,27 ms
141.11.77.234,31125,true,HKG,亚太,HK,香港,香港,27 ms
141.11.77.234,31180,true,HKG,亚太,HK,香港,香港,27 ms
141.11.77.234,31150,true,HKG,亚太,HK,香港,香港,27 ms
141.11.77.234,31121,true,HKG,亚太,HK,香港,香港,27 ms
69.84.182.127,443,true,HKG,亚太,HK,香港,香港,28 ms
69.84.182.131,443,true,HKG,亚太,HK,香港,香港,28 ms
69.84.182.100,443,true,HKG,亚太,HK,香港,香港,29 ms
192.0.63.230,443,true,HKG,亚太,HK,香港,香港,29 ms
198.62.62.140,443,true,HKG,亚太,HK,香港,香港,29 ms
216.24.57.96,443,true,HKG,亚太,HK,香港,香港,30 ms
69.84.182.179,443,true,HKG,亚太,HK,香港,香港,30 ms
198.62.62.53,443,true,HKG,亚太,HK,香港,香港,31 ms
206.238.236.166,443,true,HKG,亚太,HK,香港,香港,31 ms
198.62.62.122,443,true,HKG,亚太,HK,香港,香港,31 ms
43.240.13.199,41846,true,HKG,亚太,HK,香港,香港,31 ms
198.62.62.128,443,true,HKG,亚太,HK,香港,香港,31 ms
161.81.233.147,32378,true,HKG,亚太,HK,香港,香港,32 ms
198.62.62.27,443,true,HKG,亚太,HK,香港,香港,32 ms
69.84.182.164,443,true,HKG,亚太,HK,香港,香港,33 ms
103.137.63.2,443,true,KHH,亚太,TW,台湾,高雄,33 ms
104.19.40.35,443,true,HKG,亚太,HK,香港,香港,33 ms
69.84.182.116,443,true,HKG,亚太,HK,香港,香港,33 ms
198.62.62.234,443,true,HKG,亚太,HK,香港,香港,33 ms
104.19.48.9,443,true,HKG,亚太,HK,香港,香港,33 ms
198.62.62.10,443,true,HKG,亚太,HK,香港,香港,34 ms
162.159.152.60,443,true,HKG,亚太,HK,香港,香港,34 ms
219.77.65.212,23555,true,HKG,亚太,HK,香港,香港,34 ms
162.120.94.232,8443,true,HKG,亚太,HK,香港,香港,34 ms
155.46.213.38,2083,true,HKG,亚太,HK,香港,香港,34 ms
162.159.153.120,443,true,HKG,亚太,HK,香港,香港,34 ms
154.219.5.65,2087,true,HKG,亚太,HK,香港,香港,34 ms
206.237.7.18,34237,true,HKG,亚太,HK,香港,香港,35 ms
43.156.6.97,10392,true,SIN,亚太,SG,新加坡,新加坡,35 ms
162.159.152.205,443,true,HKG,亚太,HK,香港,香港,35 ms
108.165.152.18,2087,true,HKG,亚太,HK,香港,香港,35 ms
43.156.56.22,7676,true,SIN,亚太,SG,新加坡,新加坡,36 ms
15.235.192.153,8443,true,SIN,亚太,SG,新加坡,新加坡,36 ms
139.99.89.21,8443,true,SIN,亚太,SG,新加坡,新加坡,36 ms
89.28.239.71,23426,true,SIN,亚太,SG,新加坡,新加坡,36 ms
198.62.62.208,443,true,HKG,亚太,HK,香港,香港,37 ms
220.135.37.112,81,true,TPE,亚太,TW,台湾,台北,37 ms
47.250.152.108,8443,true,SIN,亚太,SG,新加坡,新加坡,37 ms
54.251.92.52,443,true,SIN,亚太,SG,新加坡,新加坡,38 ms
202.181.27.218,14526,true,HKG,亚太,HK,香港,香港,38 ms
198.62.62.231,443,true,HKG,亚太,HK,香港,香港,38 ms
114.34.202.224,10004,true,TPE,亚太,TW,台湾,台北,38 ms
89.28.239.71,39761,true,SIN,亚太,SG,新加坡,新加坡,38 ms
168.138.162.187,443,true,SIN,亚太,SG,新加坡,新加坡,39 ms
152.69.210.245,2053,true,SIN,亚太,SG,新加坡,新加坡,39 ms
13.213.206.28,443,true,SIN,亚太,SG,新加坡,新加坡,39 ms
61.220.65.189,27114,true,TPE,亚太,TW,台湾,台北,39 ms
138.2.75.91,443,true,SIN,亚太,SG,新加坡,新加坡,40 ms
152.69.210.245,8443,true,SIN,亚太,SG,新加坡,新加坡,40 ms
13.228.142.218,443,true,SIN,亚太,SG,新加坡,新加坡,40 ms
192.0.63.1,443,true,HKG,亚太,HK,香港,香港,40 ms
34.142.133.116,443,true,SIN,亚太,SG,新加坡,新加坡,40 ms
13.229.159.215,443,true,SIN,亚太,SG,新加坡,新加坡,41 ms
104.19.32.46,443,true,HKG,亚太,HK,香港,香港,41 ms
8.218.75.2,19155,true,HKG,亚太,HK,香港,香港,41 ms
168.138.191.166,443,true,SIN,亚太,SG,新加坡,新加坡,41 ms
190.92.213.24,443,true,SIN,亚太,SG,新加坡,新加坡,41 ms
104.19.33.23,443,true,HKG,亚太,HK,香港,香港,42 ms
206.238.236.192,2087,true,HKG,亚太,HK,香港,香港,42 ms
198.62.62.119,443,true,HKG,亚太,HK,香港,香港,42 ms
104.19.40.136,443,true,HKG,亚太,HK,香港,香港,42 ms
168.138.165.174,443,true,SIN,亚太,SG,新加坡,新加坡,42 ms
27.50.49.208,443,true,HKG,亚太,HK,香港,香港,42 ms
61.220.65.189,26832,true,TPE,亚太,TW,台湾,台北,42 ms
154.211.8.47,2096,true,HKG,亚太,HK,香港,香港,42 ms
168.138.177.109,443,true,SIN,亚太,SG,新加坡,新加坡,42 ms
154.211.8.227,2087,true,HKG,亚太,HK,香港,香港,43 ms
101.32.247.126,725,true,SIN,亚太,SG,新加坡,新加坡,43 ms
89.34.227.98,12123,true,SIN,亚太,SG,新加坡,新加坡,43 ms
104.19.32.253,443,true,HKG,亚太,HK,香港,香港,43 ms
154.211.8.152,2053,true,HKG,亚太,HK,香港,香港,43 ms
168.138.185.234,443,true,SIN,亚太,SG,新加坡,新加坡,43 ms
38.47.120.145,25955,true,HKG,亚太,HK,香港,香港,43 ms
154.211.8.109,2087,true,HKG,亚太,HK,香港,香港,43 ms
141.11.77.234,31197,true,SIN,亚太,SG,新加坡,新加坡,43 ms
129.150.50.63,443,true,SIN,亚太,SG,新加坡,新加坡,44 ms
154.211.8.12,2096,true,HKG,亚太,HK,香港,香港,44 ms
13.228.155.72,443,true,SIN,亚太,SG,新加坡,新加坡,44 ms
141.11.77.234,31198,true,SIN,亚太,SG,新加坡,新加坡,44 ms
45.32.99.51,443,true,SIN,亚太,SG,新加坡,新加坡,44 ms
51.79.250.33,2053,true,SIN,亚太,SG,新加坡,新加坡,44 ms
140.83.54.126,34237,true,KIX,亚太,JP,日本,大阪,45 ms
138.2.56.246,443,true,KIX,亚太,JP,日本,大阪,45 ms
69.84.182.109,443,true,HKG,亚太,HK,香港,香港,45 ms
152.70.83.37,443,true,NRT,亚太,JP,日本,东京,46 ms
168.138.50.249,443,true,KIX,亚太,JP,日本,大阪,46 ms
141.11.77.234,31191,true,SIN,亚太,SG,新加坡,新加坡,46 ms
8.219.235.20,443,true,SIN,亚太,SG,新加坡,新加坡,46 ms
140.83.58.198,34237,true,KIX,亚太,JP,日本,大阪,46 ms
8.222.128.32,443,true,KIX,亚太,JP,日本,大阪,46 ms
160.123.255.15,443,true,HKG,亚太,HK,香港,香港,46 ms
150.230.7.216,443,true,KIX,亚太,JP,日本,大阪,46 ms
8.222.130.231,8443,true,SIN,亚太,SG,新加坡,新加坡,46 ms
212.183.88.6,443,true,HKG,亚太,HK,香港,香港,46 ms
64.110.104.30,443,true,KIX,亚太,JP,日本,大阪,46 ms
8.217.229.36,23629,true,HKG,亚太,HK,香港,香港,46 ms
64.110.98.49,443,true,KIX,亚太,JP,日本,大阪,46 ms
46.3.104.73,46023,true,LHR,欧洲,GB,英国,伦敦,47 ms
8.222.226.149,8443,true,SIN,亚太,SG,新加坡,新加坡,47 ms
198.62.62.92,443,true,HKG,亚太,HK,香港,香港,47 ms
104.19.34.145,443,true,HKG,亚太,HK,香港,香港,47 ms
69.84.182.128,443,true,HKG,亚太,HK,香港,香港,47 ms
198.62.62.239,443,true,HKG,亚太,HK,香港,香港,47 ms
69.84.182.231,443,true,HKG,亚太,HK,香港,香港,47 ms
69.84.182.141,443,true,HKG,亚太,HK,香港,香港,47 ms
198.62.62.199,443,true,HKG,亚太,HK,香港,香港,47 ms
104.19.33.56,443,true,HKG,亚太,HK,香港,香港,47 ms
198.62.62.137,443,true,HKG,亚太,HK,香港,香港,47 ms
69.84.182.208,443,true,HKG,亚太,HK,香港,香港,48 ms
20.243.85.49,10443,true,NRT,亚太,JP,日本,东京,48 ms
104.19.32.27,443,true,HKG,亚太,HK,香港,香港,48 ms
198.62.62.75,443,true,HKG,亚太,HK,香港,香港,48 ms
198.62.62.176,443,true,HKG,亚太,HK,香港,香港,48 ms
198.62.62.127,443,true,HKG,亚太,HK,香港,香港,48 ms
69.84.182.33,443,true,HKG,亚太,HK,香港,香港,48 ms
198.62.62.81,443,true,HKG,亚太,HK,香港,香港,49 ms
185.16.110.103,443,true,HKG,亚太,HK,香港,香港,49 ms
168.138.194.74,443,true,NRT,亚太,JP,日本,东京,49 ms
154.64.226.138,443,true,NRT,亚太,JP,日本,东京,49 ms
92.243.74.2,8443,true,HKG,亚太,HK,香港,香港,49 ms
162.159.152.201,443,true,HKG,亚太,HK,香港,香港,49 ms
104.19.54.202,443,true,HKG,亚太,HK,香港,香港,49 ms
176.119.149.242,3000,true,NRT,亚太,JP,日本,东京,50 ms
218.252.219.96,10962,true,HKG,亚太,HK,香港,香港,50 ms
104.19.32.186,443,true,HKG,亚太,HK,香港,香港,50 ms
64.110.103.69,443,true,KIX,亚太,JP,日本,大阪,50 ms
150.230.63.93,443,true,KIX,亚太,JP,日本,大阪,51 ms
104.19.34.79,443,true,HKG,亚太,HK,香港,香港,51 ms
168.138.46.67,443,true,KIX,亚太,JP,日本,大阪,51 ms
152.69.199.70,8443,true,KIX,亚太,JP,日本,大阪,51 ms
132.226.5.189,34237,true,NRT,亚太,JP,日本,东京,52 ms
131.186.33.175,443,true,NRT,亚太,JP,日本,东京,52 ms
210.61.97.241,81,true,KHH,亚太,TW,台湾,高雄,52 ms
168.138.212.87,443,true,NRT,亚太,JP,日本,东京,53 ms
38.47.121.93,8081,true,NRT,亚太,JP,日本,东京,53 ms
176.119.149.241,3000,true,NRT,亚太,JP,日本,东京,53 ms
45.66.128.148,51972,true,NRT,亚太,JP,日本,东京,53 ms
140.238.33.161,443,true,NRT,亚太,JP,日本,东京,53 ms
141.11.77.234,31190,true,SIN,亚太,SG,新加坡,新加坡,53 ms
141.147.190.128,443,true,NRT,亚太,JP,日本,东京,53 ms
131.186.60.210,443,true,NRT,亚太,JP,日本,东京,53 ms
168.138.215.251,443,true,NRT,亚太,JP,日本,东京,54 ms
140.238.40.67,443,true,NRT,亚太,JP,日本,东京,54 ms
46.3.101.23,443,true,NRT,亚太,JP,日本,东京,55 ms
103.76.131.249,2302,true,NRT,亚太,JP,日本,东京,55 ms
212.50.251.234,35515,true,KIX,亚太,JP,日本,大阪,56 ms
193.32.150.96,37742,true,NRT,亚太,JP,日本,东京,56 ms
212.50.254.116,26774,true,KIX,亚太,JP,日本,大阪,56 ms
223.122.237.14,10364,true,SIN,亚太,SG,新加坡,新加坡,56 ms
34.126.100.159,443,true,SIN,亚太,SG,新加坡,新加坡,57 ms
192.0.54.149,443,true,HKG,亚太,HK,香港,香港,57 ms
82.153.65.177,443,true,NRT,亚太,JP,日本,东京,57 ms
168.138.184.172,443,true,SIN,亚太,SG,新加坡,新加坡,57 ms
69.84.182.112,443,true,HKG,亚太,HK,香港,香港,57 ms
69.84.182.44,443,true,HKG,亚太,HK,香港,香港,57 ms
158.179.191.151,443,true,NRT,亚太,JP,日本,东京,57 ms
206.237.127.180,39943,true,NRT,亚太,JP,日本,东京,57 ms
217.142.243.226,443,true,KIX,亚太,JP,日本,大阪,57 ms
138.2.36.157,8443,true,KIX,亚太,JP,日本,大阪,58 ms
198.62.62.144,443,true,HKG,亚太,HK,香港,香港,58 ms
140.238.58.181,2053,true,NRT,亚太,JP,日本,东京,58 ms
69.84.182.16,443,true,HKG,亚太,HK,香港,香港,58 ms
178.157.60.84,19781,true,KIX,亚太,JP,日本,大阪,59 ms
154.16.55.99,20583,true,NRT,亚太,JP,日本,东京,60 ms
198.62.62.193,443,true,HKG,亚太,HK,香港,香港,60 ms
103.116.7.67,2083,true,HKG,亚太,HK,香港,香港,60 ms
198.62.62.203,443,true,HKG,亚太,HK,香港,香港,61 ms
27.50.49.188,2096,true,HKG,亚太,HK,香港,香港,61 ms
206.238.236.90,2087,true,HKG,亚太,HK,香港,香港,61 ms
27.50.49.209,2087,true,HKG,亚太,HK,香港,香港,61 ms
69.84.182.85,443,true,HKG,亚太,HK,香港,香港,61 ms
140.238.50.112,443,true,NRT,亚太,JP,日本,东京,61 ms
152.67.215.136,39972,true,ICN,亚太,KR,韩国,首尔,61 ms
104.19.32.120,443,true,HKG,亚太,HK,香港,香港,61 ms
152.67.192.243,2296,true,ICN,亚太,KR,韩国,首尔,62 ms
104.19.57.35,443,true,HKG,亚太,HK,香港,香港,62 ms
34.87.149.79,443,true,SIN,亚太,SG,新加坡,新加坡,62 ms
144.24.90.107,443,true,ICN,亚太,KR,韩国,首尔,62 ms
104.19.32.252,443,true,HKG,亚太,HK,香港,香港,62 ms
141.147.166.238,34237,true,NRT,亚太,JP,日本,东京,62 ms
146.56.101.164,34237,true,ICN,亚太,KR,韩国,首尔,62 ms
158.180.82.203,8443,true,ICN,亚太,KR,韩国,首尔,62 ms
168.138.197.97,8443,true,NRT,亚太,JP,日本,东京,62 ms
198.62.62.110,443,true,HKG,亚太,HK,香港,香港,62 ms
91.200.242.18,31051,true,NRT,亚太,JP,日本,东京,62 ms
198.62.62.209,443,true,HKG,亚太,HK,香港,香港,63 ms
198.62.62.226,443,true,HKG,亚太,HK,香港,香港,63 ms
69.84.182.215,443,true,HKG,亚太,HK,香港,香港,63 ms
63.141.128.117,443,true,HKG,亚太,HK,香港,香港,63 ms
144.24.80.56,443,true,ICN,亚太,KR,韩国,首尔,64 ms
16.78.119.130,443,true,SIN,亚太,SG,新加坡,新加坡,65 ms
144.24.78.162,443,true,ICN,亚太,KR,韩国,首尔,65 ms
132.226.1.227,443,true,NRT,亚太,JP,日本,东京,66 ms
27.50.48.126,2083,true,HKG,亚太,HK,香港,香港,66 ms
129.154.57.131,2186,true,ICN,亚太,KR,韩国,首尔,66 ms
27.50.49.231,2083,true,HKG,亚太,HK,香港,香港,66 ms
8.213.208.51,8443,true,KIX,亚太,JP,日本,大阪,66 ms
96.0.147.114,443,true,SIN,亚太,SG,新加坡,新加坡,66 ms
129.154.59.99,443,true,ICN,亚太,KR,韩国,首尔,66 ms
69.84.182.247,443,true,HKG,亚太,HK,香港,香港,66 ms
206.238.237.118,8443,true,HKG,亚太,HK,香港,香港,67 ms
172.84.92.152,58723,true,NRT,亚太,JP,日本,东京,67 ms
103.201.131.55,31272,true,NRT,亚太,JP,日本,东京,67 ms
150.230.255.146,6443,true,ICN,亚太,KR,韩国,首尔,67 ms
104.19.42.108,443,true,HKG,亚太,HK,香港,香港,67 ms
198.62.62.73,443,true,HKG,亚太,HK,香港,香港,67 ms
69.84.182.119,443,true,HKG,亚太,HK,香港,香港,67 ms
104.19.48.11,443,true,HKG,亚太,HK,香港,香港,67 ms
104.19.59.5,443,true,HKG,亚太,HK,香港,香港,68 ms
69.84.182.65,443,true,HKG,亚太,HK,香港,香港,68 ms
69.84.182.84,443,true,HKG,亚太,HK,香港,香港,68 ms
158.180.69.78,12198,true,ICN,亚太,KR,韩国,首尔,69 ms
115.88.75.154,30032,true,ICN,亚太,KR,韩国,首尔,69 ms
45.143.234.83,19712,true,LAX,北美洲,US,美国,洛杉矶,69 ms
103.116.7.230,443,true,HKG,亚太,HK,香港,香港,70 ms
103.116.7.103,2083,true,HKG,亚太,HK,香港,香港,71 ms
103.116.7.220,2096,true,HKG,亚太,HK,香港,香港,71 ms
103.116.7.100,2087,true,HKG,亚太,HK,香港,香港,72 ms
158.179.194.146,12199,true,ICN,亚太,KR,韩国,首尔,72 ms
206.237.127.180,32678,true,NRT,亚太,JP,日本,东京,72 ms
168.138.212.80,443,true,NRT,亚太,JP,日本,东京,74 ms
176.119.149.243,3000,true,NRT,亚太,JP,日本,东京,76 ms
141.98.196.223,443,true,NRT,亚太,JP,日本,东京,77 ms
161.81.234.137,35694,true,HKG,亚太,HK,香港,香港,77 ms
23.106.129.135,29299,true,KIX,亚太,JP,日本,大阪,78 ms
147.78.244.117,8443,true,NRT,亚太,JP,日本,东京,78 ms
150.230.221.148,443,true,NRT,亚太,JP,日本,东京,79 ms
161.81.234.137,23278,true,HKG,亚太,HK,香港,香港,79 ms
154.16.55.99,40789,true,NRT,亚太,JP,日本,东京,79 ms
103.20.199.118,12999,true,NRT,亚太,JP,日本,东京,80 ms
59.3.3.161,443,true,ICN,亚太,KR,韩国,首尔,80 ms
123.241.137.138,12071,true,TPE,亚太,TW,台湾,台北,80 ms
138.2.6.48,443,true,KIX,亚太,JP,日本,大阪,81 ms
34.97.23.13,8443,true,KIX,亚太,JP,日本,大阪,81 ms
193.122.107.147,443,true,ICN,亚太,KR,韩国,首尔,81 ms
152.70.249.67,443,true,ICN,亚太,KR,韩国,首尔,81 ms
132.145.81.117,443,true,ICN,亚太,KR,韩国,首尔,81 ms
146.56.166.59,46060,true,ICN,亚太,KR,韩国,首尔,82 ms
152.70.245.66,12693,true,ICN,亚太,KR,韩国,首尔,82 ms
152.70.88.98,443,true,ICN,亚太,KR,韩国,首尔,82 ms
152.70.235.207,443,true,ICN,亚太,KR,韩国,首尔,82 ms
131.186.22.123,443,true,ICN,亚太,KR,韩国,首尔,82 ms
140.238.28.86,443,true,ICN,亚太,KR,韩国,首尔,82 ms
146.56.176.143,443,true,ICN,亚太,KR,韩国,首尔,82 ms
193.123.250.209,2087,true,ICN,亚太,KR,韩国,首尔,82 ms
140.238.8.194,15800,true,ICN,亚太,KR,韩国,首尔,82 ms
131.186.27.112,2096,true,ICN,亚太,KR,韩国,首尔,82 ms
132.226.22.106,34237,true,ICN,亚太,KR,韩国,首尔,82 ms
152.69.234.137,12199,true,ICN,亚太,KR,韩国,首尔,82 ms
193.123.235.59,443,true,ICN,亚太,KR,韩国,首尔,82 ms
146.56.146.67,443,true,ICN,亚太,KR,韩国,首尔,82 ms
129.154.207.203,443,true,ICN,亚太,KR,韩国,首尔,82 ms
193.123.232.127,31137,true,ICN,亚太,KR,韩国,首尔,82 ms
103.201.131.150,587,true,NRT,亚太,JP,日本,东京,82 ms
69.84.182.106,443,true,HKG,亚太,HK,香港,香港,82 ms
140.238.62.219,34237,true,NRT,亚太,JP,日本,东京,83 ms
140.238.10.44,23253,true,ICN,亚太,KR,韩国,首尔,83 ms
114.199.156.104,35389,true,ICN,亚太,KR,韩国,首尔,83 ms
193.122.102.79,18161,true,ICN,亚太,KR,韩国,首尔,83 ms
146.56.161.229,443,true,ICN,亚太,KR,韩国,首尔,83 ms
152.70.90.168,443,true,ICN,亚太,KR,韩国,首尔,83 ms
152.67.201.202,26001,true,ICN,亚太,KR,韩国,首尔,83 ms
152.70.248.96,443,true,ICN,亚太,KR,韩国,首尔,83 ms
138.3.210.24,443,true,NRT,亚太,JP,日本,东京,83 ms
158.180.88.1,34237,true,ICN,亚太,KR,韩国,首尔,83 ms
146.56.110.148,26778,true,ICN,亚太,KR,韩国,首尔,84 ms
146.56.162.25,443,true,ICN,亚太,KR,韩国,首尔,84 ms
146.56.110.217,2186,true,ICN,亚太,KR,韩国,首尔,84 ms
1.222.161.115,28963,true,ICN,亚太,KR,韩国,首尔,84 ms
118.130.241.44,34599,true,ICN,亚太,KR,韩国,首尔,85 ms
114.199.156.104,17880,true,ICN,亚太,KR,韩国,首尔,85 ms
104.19.46.92,443,true,HKG,亚太,HK,香港,香港,85 ms
131.186.20.178,27194,true,ICN,亚太,KR,韩国,首尔,86 ms
198.62.62.6,443,true,HKG,亚太,HK,香港,香港,86 ms
69.84.182.241,443,true,HKG,亚太,HK,香港,香港,86 ms
198.62.62.12,443,true,HKG,亚太,HK,香港,香港,87 ms
132.145.91.171,8443,true,ICN,亚太,KR,韩国,首尔,87 ms
114.199.158.41,14095,true,ICN,亚太,KR,韩国,首尔,87 ms
198.62.62.21,443,true,HKG,亚太,HK,香港,香港,87 ms
69.84.182.202,443,true,HKG,亚太,HK,香港,香港,88 ms
69.84.182.219,443,true,HKG,亚太,HK,香港,香港,88 ms
141.147.184.160,443,true,NRT,亚太,JP,日本,东京,90 ms
103.20.199.101,33003,true,NRT,亚太,JP,日本,东京,90 ms
120.50.85.246,11477,true,ICN,亚太,KR,韩国,首尔,91 ms
123.108.182.200,10798,true,ICN,亚太,KR,韩国,首尔,92 ms
129.154.223.89,15800,true,ICN,亚太,KR,韩国,首尔,92 ms
175.125.207.253,18039,true,ICN,亚太,KR,韩国,首尔,94 ms
118.163.37.32,81,true,KHH,亚太,TW,台湾,高雄,95 ms
150.66.24.104,34237,true,KIX,亚太,JP,日本,大阪,95 ms
149.129.8.215,443,true,SJC,北美洲,US,美国,圣何塞,96 ms
119.203.125.236,30001,true,ICN,亚太,KR,韩国,首尔,98 ms
138.2.94.123,443,true,SIN,亚太,SG,新加坡,新加坡,100 ms
121.182.55.77,30063,true,ICN,亚太,KR,韩国,首尔,101 ms
213.218.254.218,59104,true,NRT,亚太,JP,日本,东京,103 ms
154.16.55.129,443,true,NRT,亚太,JP,日本,东京,103 ms
117.123.31.2,50000,true,ICN,亚太,KR,韩国,首尔,103 ms
172.84.92.174,8526,true,NRT,亚太,JP,日本,东京,105 ms
118.33.22.133,16053,true,ICN,亚太,KR,韩国,首尔,105 ms
140.238.56.153,1443,true,NRT,亚太,JP,日本,东京,107 ms
119.195.219.150,18050,true,ICN,亚太,KR,韩国,首尔,108 ms
59.25.228.177,12574,true,ICN,亚太,KR,韩国,首尔,108 ms
89.116.89.73,46767,true,NRT,亚太,JP,日本,东京,108 ms
61.85.124.97,30002,true,ICN,亚太,KR,韩国,首尔,108 ms
220.125.61.240,20443,true,ICN,亚太,KR,韩国,首尔,109 ms
220.116.21.147,12274,true,ICN,亚太,KR,韩国,首尔,109 ms
213.218.254.248,8443,true,NRT,亚太,JP,日本,东京,111 ms
121.165.36.130,27017,true,ICN,亚太,KR,韩国,首尔,114 ms
139.185.34.131,443,true,CDG,欧洲,FR,法国,巴黎,114 ms
121.143.118.236,12434,true,ICN,亚太,KR,韩国,首尔,117 ms
106.240.1.52,20443,true,ICN,亚太,KR,韩国,首尔,119 ms
114.203.74.55,20880,true,ICN,亚太,KR,韩国,首尔,119 ms
125.141.125.11,10049,true,NRT,亚太,JP,日本,东京,121 ms
211.107.201.14,25001,true,ICN,亚太,KR,韩国,首尔,124 ms
139.99.236.163,443,true,SYD,大洋洲,AU,澳大利亚,悉尼,126 ms
192.9.180.162,443,true,SYD,大洋洲,AU,澳大利亚,悉尼,127 ms
192.9.177.204,443,true,SYD,大洋洲,AU,澳大利亚,悉尼,129 ms
220.126.127.139,10116,true,ICN,亚太,KR,韩国,首尔,130 ms
140.238.201.118,443,true,SYD,大洋洲,AU,澳大利亚,悉尼,131 ms
121.191.6.251,12227,true,ICN,亚太,KR,韩国,首尔,132 ms
34.105.3.218,443,true,SEA,北美洲,US,美国,西雅图,134 ms
13.201.221.231,443,true,BOM,亚太,IN,印度,孟买,136 ms
59.29.116.20,11965,true,FUK,亚太,JP,日本,福冈,138 ms
3.111.155.29,443,true,BOM,亚太,IN,印度,孟买,138 ms
210.121.207.53,50001,true,ICN,亚太,KR,韩国,首尔,141 ms
116.47.10.236,21302,true,ICN,亚太,KR,韩国,首尔,141 ms
199.19.110.126,17062,true,LAX,北美洲,US,美国,洛杉矶,145 ms
155.248.196.123,443,true,YVR,北美洲,CA,加拿大,温哥华,145 ms
13.88.29.102,443,true,SJC,北美洲,US,美国,圣何塞,148 ms
154.21.91.60,12506,true,LAX,北美洲,US,美国,洛杉矶,148 ms
104.234.102.72,52415,true,LAX,北美洲,US,美国,洛杉矶,148 ms
192.9.137.193,8443,true,SJC,北美洲,US,美国,圣何塞,148 ms
154.21.94.105,8883,true,LAX,北美洲,US,美国,洛杉矶,148 ms
192.9.250.241,443,true,SJC,北美洲,US,美国,圣何塞,148 ms
152.70.123.60,443,true,SJC,北美洲,US,美国,圣何塞,148 ms
129.159.34.122,443,true,SJC,北美洲,US,美国,圣何塞,148 ms
38.54.116.48,443,true,MCT,中东,OM,阿曼,马斯喀特,150 ms
154.21.89.73,27629,true,LAX,北美洲,US,美国,洛杉矶,150 ms
166.0.188.250,52402,true,LAX,北美洲,US,美国,洛杉矶,150 ms
154.21.89.12,12446,true,LAX,北美洲,US,美国,洛杉矶,150 ms
154.17.21.94,23556,true,LAX,北美洲,US,美国,洛杉矶,151 ms
152.67.233.64,443,true,SJC,北美洲,US,美国,圣何塞,151 ms
154.21.87.106,22989,true,LAX,北美洲,US,美国,洛杉矶,151 ms
138.2.237.246,443,true,SJC,北美洲,US,美国,圣何塞,151 ms
154.17.23.14,15910,true,LAX,北美洲,US,美国,洛杉矶,152 ms
146.235.219.98,443,true,SJC,北美洲,US,美国,圣何塞,152 ms
150.230.44.13,443,true,SJC,北美洲,US,美国,圣何塞,152 ms
199.19.109.139,5000,true,LAX,北美洲,US,美国,洛杉矶,152 ms
129.159.47.255,443,true,SJC,北美洲,US,美国,圣何塞,152 ms
192.9.157.76,443,true,SJC,北美洲,US,美国,圣何塞,152 ms
37.123.193.228,19220,true,SJC,北美洲,US,美国,圣何塞,153 ms
43.153.103.203,443,true,SJC,北美洲,US,美国,圣何塞,153 ms
154.17.27.8,48655,true,LAX,北美洲,US,美国,洛杉矶,153 ms
65.75.195.188,19316,true,SJC,北美洲,US,美国,圣何塞,153 ms
154.21.91.54,443,true,LAX,北美洲,US,美国,洛杉矶,153 ms
136.175.176.67,443,true,SJC,北美洲,US,美国,圣何塞,154 ms
154.17.24.30,52106,true,LAX,北美洲,US,美国,洛杉矶,154 ms
89.213.182.198,23788,true,LAX,北美洲,US,美国,洛杉矶,154 ms
174.136.206.95,57757,true,SJC,北美洲,US,美国,圣何塞,154 ms
146.235.211.70,2083,true,SJC,北美洲,US,美国,圣何塞,154 ms
172.84.92.86,56421,true,NRT,亚太,JP,日本,东京,154 ms
154.21.87.49,1001,true,LAX,北美洲,US,美国,洛杉矶,154 ms
129.146.111.62,443,true,LAX,北美洲,US,美国,洛杉矶,155 ms
129.146.242.24,2053,true,LAX,北美洲,US,美国,洛杉矶,155 ms
37.123.193.178,52050,true,SJC,北美洲,US,美国,圣何塞,155 ms
154.21.80.108,37827,true,LAX,北美洲,US,美国,洛杉矶,155 ms
37.123.193.101,17475,true,SJC,北美洲,US,美国,圣何塞,155 ms
129.146.47.72,443,true,LAX,北美洲,US,美国,洛杉矶,156 ms
154.17.22.197,443,true,LAX,北美洲,US,美国,洛杉矶,156 ms
165.1.79.60,8443,true,SJC,北美洲,US,美国,圣何塞,156 ms
154.17.28.36,37097,true,LAX,北美洲,US,美国,洛杉矶,156 ms
154.17.0.80,8500,true,LAX,北美洲,US,美国,洛杉矶,156 ms
45.59.185.71,13649,true,SJC,北美洲,US,美国,圣何塞,157 ms
43.153.80.208,443,true,SJC,北美洲,US,美国,圣何塞,157 ms
152.67.231.219,443,true,SJC,北美洲,US,美国,圣何塞,157 ms
155.248.202.141,443,true,SJC,北美洲,US,美国,圣何塞,157 ms
192.9.246.112,8443,true,SJC,北美洲,US,美国,圣何塞,157 ms
129.146.243.241,443,true,LAX,北美洲,US,美国,洛杉矶,157 ms
192.3.242.80,28946,true,LAX,北美洲,US,美国,洛杉矶,158 ms
154.17.10.111,58475,true,LAX,北美洲,US,美国,洛杉矶,158 ms
152.67.249.123,443,true,SJC,北美洲,US,美国,圣何塞,158 ms
154.17.1.71,4403,true,LAX,北美洲,US,美国,洛杉矶,158 ms
154.17.2.49,26558,true,LAX,北美洲,US,美国,洛杉矶,158 ms
154.17.9.35,882,true,LAX,北美洲,US,美国,洛杉矶,158 ms
38.58.188.165,39919,true,LAX,北美洲,US,美国,洛杉矶,159 ms
45.59.186.16,14092,true,SJC,北美洲,US,美国,圣何塞,159 ms
154.17.27.80,18711,true,LAX,北美洲,US,美国,洛杉矶,159 ms
154.17.30.48,55558,true,LAX,北美洲,US,美国,洛杉矶,160 ms
154.17.225.87,24148,true,LAX,北美洲,US,美国,洛杉矶,161 ms
142.171.91.132,15042,true,LAX,北美洲,US,美国,洛杉矶,161 ms
166.0.145.245,10428,true,LAX,北美洲,US,美国,洛杉矶,161 ms
166.0.188.79,18398,true,LAX,北美洲,US,美国,洛杉矶,161 ms
154.21.95.23,54593,true,LAX,北美洲,US,美国,洛杉矶,162 ms
118.131.41.202,16072,true,ICN,亚太,KR,韩国,首尔,163 ms
154.17.27.91,34311,true,LAX,北美洲,US,美国,洛杉矶,163 ms
132.226.31.178,443,true,LAX,北美洲,US,美国,洛杉矶,163 ms
104.194.86.119,22312,true,LAX,北美洲,US,美国,洛杉矶,163 ms
104.234.161.66,24312,true,LAX,北美洲,US,美国,洛杉矶,164 ms
166.0.188.79,47980,true,LAX,北美洲,US,美国,洛杉矶,164 ms
154.17.228.191,12345,true,LAX,北美洲,US,美国,洛杉矶,164 ms
154.21.93.55,51649,true,LAX,北美洲,US,美国,洛杉矶,165 ms
23.236.68.152,34237,true,LAX,北美洲,US,美国,洛杉矶,165 ms
166.0.188.79,38479,true,LAX,北美洲,US,美国,洛杉矶,165 ms
129.146.220.190,443,true,LAX,北美洲,US,美国,洛杉矶,165 ms
154.17.226.32,62096,true,LAX,北美洲,US,美国,洛杉矶,165 ms
65.75.193.154,14491,true,SJC,北美洲,US,美国,圣何塞,165 ms
154.9.249.160,35506,true,LAX,北美洲,US,美国,洛杉矶,166 ms
50.112.166.63,443,true,YVR,北美洲,CA,加拿大,温哥华,168 ms
129.153.126.67,443,true,LAX,北美洲,US,美国,洛杉矶,168 ms
38.58.188.165,39921,true,LAX,北美洲,US,美国,洛杉矶,168 ms
192.9.158.188,443,true,SJC,北美洲,US,美国,圣何塞,168 ms
38.47.116.74,54564,true,LAX,北美洲,US,美国,洛杉矶,169 ms
154.9.239.36,11980,true,LAX,北美洲,US,美国,洛杉矶,169 ms
44.227.22.10,443,true,PDX,北美洲,US,美国,波特兰,171 ms
104.234.102.88,43078,true,LAX,北美洲,US,美国,洛杉矶,171 ms
35.167.93.200,443,true,YVR,北美洲,CA,加拿大,温哥华,171 ms
38.207.171.114,33376,true,LAX,北美洲,US,美国,洛杉矶,171 ms
150.230.252.47,50051,true,ICN,亚太,KR,韩国,首尔,172 ms
154.9.242.33,13192,true,LAX,北美洲,US,美国,洛杉矶,172 ms
129.146.46.164,443,true,LAX,北美洲,US,美国,洛杉矶,172 ms
166.0.188.79,10225,true,LAX,北美洲,US,美国,洛杉矶,172 ms
38.47.116.39,34237,true,LAX,北美洲,US,美国,洛杉矶,172 ms
166.0.188.79,36017,true,LAX,北美洲,US,美国,洛杉矶,174 ms
129.154.57.131,2296,true,ICN,亚太,KR,韩国,首尔,175 ms
74.249.233.213,443,true,ORD,北美洲,US,美国,芝加哥,175 ms
20.221.32.145,443,true,ORD,北美洲,US,美国,芝加哥,175 ms
158.179.160.123,443,true,ICN,亚太,KR,韩国,首尔,176 ms
52.165.82.62,443,true,ORD,北美洲,US,美国,芝加哥,176 ms
150.230.249.48,443,true,ICN,亚太,KR,韩国,首尔,176 ms
154.9.237.215,20004,true,LAX,北美洲,US,美国,洛杉矶,177 ms
154.9.237.235,20003,true,LAX,北美洲,US,美国,洛杉矶,177 ms
146.56.110.135,34237,true,ICN,亚太,KR,韩国,首尔,177 ms
146.56.112.139,19276,true,ICN,亚太,KR,韩国,首尔,178 ms
152.69.232.112,25760,true,ICN,亚太,KR,韩国,首尔,178 ms
129.154.48.176,36355,true,ICN,亚太,KR,韩国,首尔,178 ms
38.207.129.229,34630,true,LAX,北美洲,US,美国,洛杉矶,178 ms
38.207.191.193,443,true,LAX,北美洲,US,美国,洛杉矶,178 ms
146.56.101.141,443,true,ICN,亚太,KR,韩国,首尔,178 ms
140.245.67.101,50000,true,ICN,亚太,KR,韩国,首尔,179 ms
152.67.212.141,443,true,ICN,亚太,KR,韩国,首尔,179 ms
166.0.188.79,17582,true,LAX,北美洲,US,美国,洛杉矶,179 ms
154.7.179.91,53221,true,LAX,北美洲,US,美国,洛杉矶,179 ms
166.0.188.79,57357,true,LAX,北美洲,US,美国,洛杉矶,180 ms
146.56.98.233,65321,true,ICN,亚太,KR,韩国,首尔,181 ms
140.245.67.101,50001,true,NRT,亚太,JP,日本,东京,183 ms
166.0.188.79,21290,true,LAX,北美洲,US,美国,洛杉矶,184 ms
107.173.111.72,1443,true,SJC,北美洲,US,美国,圣何塞,184 ms
166.0.188.79,19537,true,LAX,北美洲,US,美国,洛杉矶,184 ms
154.9.233.228,14291,true,LAX,北美洲,US,美国,洛杉矶,185 ms
20.25.205.37,2053,true,ORD,北美洲,US,美国,芝加哥,185 ms
65.75.195.188,50795,true,SJC,北美洲,US,美国,圣何塞,185 ms
104.40.244.228,443,true,AMS,欧洲,NL,荷兰,阿姆斯特丹,186 ms
158.23.49.237,8443,true,DFW,北美洲,US,美国,达拉斯,187 ms
154.29.150.23,50001,true,SEA,北美洲,US,美国,西雅图,187 ms
158.23.49.237,2053,true,DFW,北美洲,US,美国,达拉斯,187 ms
158.23.169.65,8443,true,DFW,北美洲,US,美国,达拉斯,187 ms
158.23.81.224,2053,true,DFW,北美洲,US,美国,达拉斯,187 ms
158.23.81.224,8443,true,DFW,北美洲,US,美国,达拉斯,187 ms
158.23.169.65,2053,true,DFW,北美洲,US,美国,达拉斯,187 ms
20.25.205.37,8443,true,ORD,北美洲,US,美国,芝加哥,188 ms
150.230.254.21,1443,true,ICN,亚太,KR,韩国,首尔,190 ms
129.154.50.159,443,true,ICN,亚太,KR,韩国,首尔,190 ms
8.20.125.1,443,true,SFO,北美洲,US,美国,旧金山,192 ms
107.172.235.55,1024,true,LAX,北美洲,US,美国,洛杉矶,194 ms
23.94.25.245,15182,true,SJC,北美洲,US,美国,圣何塞,195 ms
154.12.52.159,443,true,LAX,北美洲,US,美国,洛杉矶,195 ms
154.9.233.228,58756,true,LAX,北美洲,US,美国,洛杉矶,195 ms
65.75.194.43,10511,true,SJC,北美洲,US,美国,圣何塞,195 ms
45.59.184.16,38908,true,SJC,北美洲,US,美国,圣何塞,195 ms
141.145.199.188,443,true,CDG,欧洲,FR,法国,巴黎,197 ms
152.70.52.215,443,true,AMS,欧洲,NL,荷兰,阿姆斯特丹,197 ms
18.153.49.248,8443,true,FRA,欧洲,DE,德国,法兰克福,197 ms
20.151.238.192,8443,true,YYZ,北美洲,CA,加拿大,多伦多,197 ms
20.151.90.208,8443,true,YYZ,北美洲,CA,加拿大,多伦多,197 ms
20.200.127.8,8443,true,YYZ,北美洲,CA,加拿大,多伦多,197 ms
20.151.60.161,8443,true,YYZ,北美洲,CA,加拿大,多伦多,198 ms
84.235.169.234,443,true,AMS,欧洲,NL,荷兰,阿姆斯特丹,198 ms
193.123.62.153,443,true,AMS,欧洲,NL,荷兰,阿姆斯特丹,198 ms
4.206.223.188,8443,true,YYZ,北美洲,CA,加拿大,多伦多,198 ms
4.172.225.98,8443,true,YYZ,北美洲,CA,加拿大,多伦多,200 ms
20.220.29.122,8443,true,YYZ,北美洲,CA,加拿大,多伦多,200 ms
4.239.248.70,8443,true,YYZ,北美洲,CA,加拿大,多伦多,200 ms
4.172.225.82,8443,true,YYZ,北美洲,CA,加拿大,多伦多,201 ms
20.84.117.28,443,true,EWR,北美洲,US,美国,纽瓦克,201 ms
141.148.229.106,443,true,AMS,欧洲,NL,荷兰,阿姆斯特丹,201 ms
48.217.34.120,443,true,EWR,北美洲,US,美国,纽瓦克,202 ms
141.144.197.111,443,true,AMS,欧洲,NL,荷兰,阿姆斯特丹,202 ms
158.101.209.76,443,true,AMS,欧洲,NL,荷兰,阿姆斯特丹,202 ms
158.178.153.80,2096,true,AMS,欧洲,NL,荷兰,阿姆斯特丹,202 ms
141.145.205.115,8443,true,SIN,亚太,SG,新加坡,新加坡,202 ms
4.255.56.138,443,true,IAD,北美洲,US,美国,阿什本,202 ms
4.219.15.140,8443,true,CPH,欧洲,DK,丹麦,哥本哈根,203 ms
20.121.115.188,443,true,IAD,北美洲,US,美国,阿什本,203 ms
4.219.15.140,2053,true,CPH,欧洲,DK,丹麦,哥本哈根,203 ms
104.46.111.142,8443,true,IAD,北美洲,US,美国,阿什本,204 ms
13.68.186.91,443,true,IAD,北美洲,US,美国,阿什本,204 ms
18.153.48.116,8443,true,FRA,欧洲,DE,德国,法兰克福,204 ms
34.147.231.33,443,true,LHR,欧洲,GB,英国,伦敦,204 ms
34.105.233.161,443,true,LHR,欧洲,GB,英国,伦敦,204 ms
192.3.84.165,34058,true,SJC,北美洲,US,美国,圣何塞,204 ms
20.62.202.159,443,true,EWR,北美洲,US,美国,纽瓦克,204 ms
172.177.248.69,8443,true,IAD,北美洲,US,美国,阿什本,204 ms
141.144.198.113,8443,true,AMS,欧洲,NL,荷兰,阿姆斯特丹,205 ms
104.210.3.231,8443,true,IAD,北美洲,US,美国,阿什本,205 ms
158.101.215.45,8443,true,AMS,欧洲,NL,荷兰,阿姆斯特丹,205 ms
20.127.201.36,443,true,EWR,北美洲,US,美国,纽瓦克,205 ms
18.189.94.250,443,true,CMH,北美洲,US,美国,哥伦布,205 ms
152.70.59.90,8443,true,AMS,欧洲,NL,荷兰,阿姆斯特丹,205 ms
40.123.47.225,8443,true,IAD,北美洲,US,美国,阿什本,205 ms
4.255.56.137,443,true,IAD,北美洲,US,美国,阿什本,205 ms
172.210.128.52,8443,true,IAD,北美洲,US,美国,阿什本,205 ms
137.116.91.147,8443,true,IAD,北美洲,US,美国,阿什本,205 ms
15.236.107.86,2096,true,CDG,欧洲,FR,法国,巴黎,205 ms
20.109.23.42,443,true,IAD,北美洲,US,美国,阿什本,205 ms
141.144.198.113,2053,true,AMS,欧洲,NL,荷兰,阿姆斯特丹,206 ms
141.148.242.113,8443,true,AMS,欧洲,NL,荷兰,阿姆斯特丹,206 ms
115.179.24.106,18097,true,KIX,亚太,JP,日本,大阪,206 ms
40.123.41.147,8443,true,IAD,北美洲,US,美国,阿什本,206 ms
89.168.43.31,2053,true,CDG,欧洲,FR,法国,巴黎,206 ms
40.123.42.160,8443,true,IAD,北美洲,US,美国,阿什本,206 ms
172.200.2.241,443,true,IAD,北美洲,US,美国,阿什本,206 ms
20.228.249.211,8443,true,EWR,北美洲,US,美国,纽瓦克,207 ms
20.228.249.211,2053,true,EWR,北美洲,US,美国,纽瓦克,207 ms
135.225.53.9,2053,true,ARN,欧洲,SE,瑞典,斯德哥尔摩,207 ms
15.235.48.70,443,true,YYZ,北美洲,CA,加拿大,多伦多,207 ms
40.123.47.252,8443,true,IAD,北美洲,US,美国,阿什本,207 ms
172.212.108.47,443,true,EWR,北美洲,US,美国,纽瓦克,207 ms
20.91.225.232,2053,true,ARN,欧洲,SE,瑞典,斯德哥尔摩,207 ms
150.230.20.156,2053,true,AMS,欧洲,NL,荷兰,阿姆斯特丹,208 ms
20.215.241.164,8443,true,HAM,欧洲,DE,德国,汉堡,208 ms
20.91.225.232,8443,true,ARN,欧洲,SE,瑞典,斯德哥尔摩,208 ms
172.174.249.255,443,true,EWR,北美洲,US,美国,纽瓦克,208 ms
20.151.63.165,8443,true,YYZ,北美洲,CA,加拿大,多伦多,208 ms
141.148.227.19,443,true,AMS,欧洲,NL,荷兰,阿姆斯特丹,209 ms
158.101.199.249,8443,true,AMS,欧洲,NL,荷兰,阿姆斯特丹,209 ms
4.248.47.209,8443,true,YUL,北美洲,CA,加拿大,蒙特利尔,209 ms
150.230.20.156,8443,true,AMS,欧洲,NL,荷兰,阿姆斯特丹,209 ms
158.178.206.197,8443,true,CDG,欧洲,FR,法国,巴黎,210 ms
89.168.43.31,8443,true,CDG,欧洲,FR,法国,巴黎,210 ms
158.178.206.197,2053,true,CDG,欧洲,FR,法国,巴黎,210 ms
104.46.101.90,8443,true,IAD,北美洲,US,美国,阿什本,210 ms
158.178.192.221,443,true,CDG,欧洲,FR,法国,巴黎,211 ms
129.146.134.77,443,true,LAX,北美洲,US,美国,洛杉矶,211 ms
172.208.44.21,443,true,IAD,北美洲,US,美国,阿什本,211 ms
129.153.39.213,2053,true,IAD,北美洲,US,美国,阿什本,213 ms
172.210.128.52,2053,true,IAD,北美洲,US,美国,阿什本,213 ms
40.233.70.7,8443,true,YYZ,北美洲,CA,加拿大,多伦多,213 ms
20.217.216.51,2053,true,VIE,欧洲,AT,奥地利,维也纳,214 ms
40.79.73.114,8443,true,IAD,北美洲,US,美国,阿什本,215 ms
54.195.182.187,443,true,DUB,欧洲,IE,爱尔兰,都柏林,216 ms
129.159.83.88,8443,true,IAD,北美洲,US,美国,阿什本,216 ms
20.220.204.217,443,true,YYZ,北美洲,CA,加拿大,多伦多,216 ms
20.100.9.147,443,true,CPH,欧洲,DK,丹麦,哥本哈根,217 ms
150.136.240.243,443,true,IAD,北美洲,US,美国,阿什本,217 ms
150.136.87.192,443,true,IAD,北美洲,US,美国,阿什本,217 ms
152.70.112.158,443,true,SJC,北美洲,US,美国,圣何塞,218 ms
15.237.137.128,2053,true,CDG,欧洲,FR,法国,巴黎,219 ms
74.241.209.111,2053,true,ARN,欧洲,SE,瑞典,斯德哥尔摩,219 ms
129.213.136.180,443,true,IAD,北美洲,US,美国,阿什本,219 ms
129.151.244.9,443,true,CDG,欧洲,FR,法国,巴黎,220 ms
3.98.54.22,8443,true,YUL,北美洲,CA,加拿大,蒙特利尔,220 ms
3.99.106.179,443,true,YUL,北美洲,CA,加拿大,蒙特利尔,221 ms
158.178.196.15,2053,true,CDG,欧洲,FR,法国,巴黎,221 ms
135.225.53.9,8443,true,ARN,欧洲,SE,瑞典,斯德哥尔摩,222 ms
119.197.126.220,11481,true,KIX,亚太,JP,日本,大阪,223 ms
34.241.231.231,443,true,DUB,欧洲,IE,爱尔兰,都柏林,223 ms
204.216.105.106,8443,true,YUL,北美洲,CA,加拿大,蒙特利尔,226 ms
198.46.158.37,34237,true,SJC,北美洲,US,美国,圣何塞,227 ms
20.33.62.19,2083,true,LHR,欧洲,GB,英国,伦敦,228 ms
135.225.118.68,2053,true,ARN,欧洲,SE,瑞典,斯德哥尔摩,228 ms
54.216.40.130,8443,true,DUB,欧洲,IE,爱尔兰,都柏林,229 ms
15.156.203.151,8443,true,YUL,北美洲,CA,加拿大,蒙特利尔,230 ms
68.233.127.163,8443,true,YUL,北美洲,CA,加拿大,蒙特利尔,231 ms
15.157.7.168,443,true,YUL,北美洲,CA,加拿大,蒙特利尔,231 ms
154.7.179.91,39562,true,LAX,北美洲,US,美国,洛杉矶,231 ms
51.12.217.144,443,true,ARN,欧洲,SE,瑞典,斯德哥尔摩,232 ms
141.147.16.152,8443,true,FRA,欧洲,DE,德国,法兰克福,232 ms
130.61.203.115,8443,true,FRA,欧洲,DE,德国,法兰克福,232 ms
150.230.149.208,443,true,FRA,欧洲,DE,德国,法兰克福,232 ms
172.82.16.99,443,true,SJC,北美洲,US,美国,圣何塞,233 ms
129.80.123.71,443,true,IAD,北美洲,US,美国,阿什本,233 ms
129.159.84.71,443,true,IAD,北美洲,US,美国,阿什本,234 ms
129.153.39.213,8443,true,IAD,北美洲,US,美国,阿什本,234 ms
3.98.73.243,443,true,YUL,北美洲,CA,加拿大,蒙特利尔,237 ms
144.24.169.81,2053,true,FRA,欧洲,DE,德国,法兰克福,237 ms
89.168.112.118,2053,true,FRA,欧洲,DE,德国,法兰克福,238 ms
98.71.19.116,443,true,DUB,欧洲,IE,爱尔兰,都柏林,238 ms
141.144.232.159,443,true,FRA,欧洲,DE,德国,法兰克福,240 ms
152.70.166.114,443,true,FRA,欧洲,DE,德国,法兰克福,240 ms
158.180.49.11,2053,true,FRA,欧洲,DE,德国,法兰克福,240 ms
130.61.203.115,2053,true,FRA,欧洲,DE,德国,法兰克福,241 ms
8.211.195.135,8443,true,LHR,欧洲,GB,英国,伦敦,242 ms
89.168.85.172,8443,true,FRA,欧洲,DE,德国,法兰克福,243 ms
8.211.2.2,8443,true,FRA,欧洲,DE,德国,法兰克福,244 ms
158.101.169.13,2053,true,FRA,欧洲,DE,德国,法兰克福,245 ms
89.168.122.44,443,true,FRA,欧洲,DE,德国,法兰克福,245 ms
158.180.49.11,8443,true,FRA,欧洲,DE,德国,法兰克福,245 ms
141.147.61.116,2053,true,FRA,欧洲,DE,德国,法兰克福,245 ms
143.47.242.195,443,true,LHR,欧洲,GB,英国,伦敦,245 ms
193.122.1.0,8443,true,FRA,欧洲,DE,德国,法兰克福,246 ms
158.101.169.13,8443,true,FRA,欧洲,DE,德国,法兰克福,246 ms
47.245.142.16,8443,true,FRA,欧洲,DE,德国,法兰克福,247 ms
141.147.47.32,8443,true,FRA,欧洲,DE,德国,法兰克福,247 ms
8.211.54.130,443,true,FRA,欧洲,DE,德国,法兰克福,247 ms
130.61.239.17,8443,true,FRA,欧洲,DE,德国,法兰克福,247 ms
129.159.22.4,443,true,BOM,亚太,IN,印度,孟买,247 ms
8.208.11.119,8443,true,LHR,欧洲,GB,英国,伦敦,248 ms
141.147.61.116,8443,true,FRA,欧洲,DE,德国,法兰克福,250 ms
130.61.107.238,8443,true,FRA,欧洲,DE,德国,法兰克福,250 ms
152.70.57.249,443,true,FRA,欧洲,DE,德国,法兰克福,251 ms
91.219.237.49,443,true,BUD,欧洲,HU,匈牙利,布达佩斯,251 ms
34.88.49.239,2053,true,ARN,欧洲,SE,瑞典,斯德哥尔摩,252 ms
152.70.57.182,443,true,AMS,欧洲,NL,荷兰,阿姆斯特丹,252 ms
152.70.69.199,443,true,BOM,亚太,IN,印度,孟买,253 ms
130.61.170.78,443,true,FRA,欧洲,DE,德国,法兰克福,253 ms
143.47.243.144,2053,true,LHR,欧洲,GB,英国,伦敦,253 ms
152.67.190.105,443,true,BOM,亚太,IN,印度,孟买,253 ms
193.122.1.0,2053,true,FRA,欧洲,DE,德国,法兰克福,255 ms
66.85.139.204,443,true,PHX,北美洲,US,美国,凤凰城,255 ms
34.88.33.107,443,true,FRA,欧洲,DE,德国,法兰克福,256 ms
150.230.22.224,443,true,FRA,欧洲,DE,德国,法兰克福,257 ms
35.228.36.82,443,true,CPH,欧洲,DK,丹麦,哥本哈根,257 ms
77.83.246.79,2053,true,WAW,欧洲,PL,波兰,华沙,257 ms
89.168.112.118,8443,true,FRA,欧洲,DE,德国,法兰克福,257 ms
158.101.175.51,443,true,FRA,欧洲,DE,德国,法兰克福,257 ms
130.61.23.77,443,true,FRA,欧洲,DE,德国,法兰克福,258 ms
129.151.198.3,8443,true,ARN,欧洲,SE,瑞典,斯德哥尔摩,258 ms
158.179.207.182,8443,true,ARN,欧洲,SE,瑞典,斯德哥尔摩,258 ms
89.168.83.143,8443,true,FRA,欧洲,DE,德国,法兰克福,260 ms
138.3.254.39,443,true,FRA,欧洲,DE,德国,法兰克福,262 ms
116.64.7.127,12250,true,NRT,亚太,JP,日本,东京,262 ms
89.168.68.57,2053,true,FRA,欧洲,DE,德国,法兰克福,262 ms
141.147.98.78,443,true,FRA,欧洲,DE,德国,法兰克福,263 ms
193.57.139.78,81,true,BUD,欧洲,HU,匈牙利,布达佩斯,263 ms
141.147.92.143,8443,true,LHR,欧洲,GB,英国,伦敦,263 ms
217.30.10.55,443,true,WAW,欧洲,PL,波兰,华沙,264 ms
45.144.48.50,443,true,WAW,欧洲,PL,波兰,华沙,265 ms
45.144.48.122,443,true,WAW,欧洲,PL,波兰,华沙,265 ms
45.144.48.48,443,true,WAW,欧洲,PL,波兰,华沙,265 ms
13.50.173.22,8443,true,OSL,欧洲,NO,挪威,奥斯陆,266 ms
35.200.238.235,443,true,BOM,亚太,IN,印度,孟买,267 ms
158.179.206.143,443,true,OSL,欧洲,NO,挪威,奥斯陆,268 ms
144.24.161.142,8443,true,FRA,欧洲,DE,德国,法兰克福,269 ms
193.123.69.77,443,true,CDG,欧洲,FR,法国,巴黎,269 ms
132.145.54.84,2053,true,LHR,欧洲,GB,英国,伦敦,272 ms
193.42.243.169,21308,true,WAW,欧洲,PL,波兰,华沙,273 ms
129.151.204.91,443,true,ARN,欧洲,SE,瑞典,斯德哥尔摩,274 ms
129.151.198.3,2053,true,ARN,欧洲,SE,瑞典,斯德哥尔摩,274 ms
89.168.68.57,8443,true,FRA,欧洲,DE,德国,法兰克福,275 ms
143.47.243.144,8443,true,LHR,欧洲,GB,英国,伦敦,275 ms
144.21.51.51,2053,true,LHR,欧洲,GB,英国,伦敦,277 ms
5.226.51.75,19357,true,NRT,亚太,JP,日本,东京,277 ms
5.226.48.84,443,true,NRT,亚太,JP,日本,东京,277 ms
198.244.248.172,2053,true,LHR,欧洲,GB,英国,伦敦,278 ms
158.179.203.23,443,true,LHR,欧洲,GB,英国,伦敦,278 ms
141.147.83.223,443,true,FRA,欧洲,DE,德国,法兰克福,278 ms
129.151.148.35,443,true,DXB,中东,AE,阿联酋,迪拜,278 ms
158.179.207.182,2053,true,ARN,欧洲,SE,瑞典,斯德哥尔摩,279 ms
152.67.148.207,443,true,FRA,欧洲,DE,德国,法兰克福,280 ms
137.74.157.158,8443,true,LHR,欧洲,GB,英国,伦敦,280 ms
16.16.45.85,8443,true,ARN,欧洲,SE,瑞典,斯德哥尔摩,281 ms
146.59.155.205,8443,true,LHR,欧洲,GB,英国,伦敦,281 ms
129.154.254.254,8443,true,BOM,亚太,IN,印度,孟买,282 ms
186.67.70.55,443,true,SCL,南美,CL,智利,圣地亚哥,284 ms
51.91.215.11,2053,true,LHR,欧洲,GB,英国,伦敦,285 ms
13.53.81.150,2083,true,ARN,欧洲,SE,瑞典,斯德哥尔摩,286 ms
54.38.15.238,8443,true,CDG,欧洲,FR,法国,巴黎,287 ms
13.49.166.245,443,true,ARN,欧洲,SE,瑞典,斯德哥尔摩,287 ms
185.217.111.103,32335,true,LHR,欧洲,GB,英国,伦敦,287 ms
13.51.55.184,2053,true,ARN,欧洲,SE,瑞典,斯德哥尔摩,287 ms
138.2.131.209,443,true,FRA,欧洲,DE,德国,法兰克福,290 ms
62.3.12.185,443,true,IST,欧洲,TR,土耳其,伊斯坦布尔,291 ms
13.40.128.14,8443,true,LHR,欧洲,GB,英国,伦敦,291 ms
134.65.59.100,443,true,LHR,欧洲,GB,英国,伦敦,291 ms
18.135.188.86,443,true,LHR,欧洲,GB,英国,伦敦,293 ms
195.123.230.40,443,true,SOF,欧洲,BG,保加利亚,索菲亚,293 ms
164.152.17.14,443,true,ORD,北美洲,US,美国,芝加哥,295 ms
144.21.51.51,8443,true,LHR,欧洲,GB,英国,伦敦,296 ms
141.147.85.167,8443,true,LHR,欧洲,GB,英国,伦敦,298 ms
5.188.168.223,2053,true,IST,欧洲,TR,土耳其,伊斯坦布尔,301 ms
51.38.152.80,2053,true,WAW,欧洲,PL,波兰,华沙,310 ms
144.24.243.207,443,true,ZRH,欧洲,CH,瑞士,苏黎世,312 ms
147.135.211.200,8443,true,WAW,欧洲,PL,波兰,华沙,320 ms
46.226.160.40,8443,true,FRA,欧洲,DE,德国,法兰克福,322 ms
191.235.86.71,2053,true,GRU,南美,BR,巴西,圣保罗,322 ms
46.29.238.54,8443,true,OSL,欧洲,NO,挪威,奥斯陆,323 ms
191.235.86.71,8443,true,GRU,南美,BR,巴西,圣保罗,323 ms
135.181.46.229,443,true,HEL,欧洲,FI,芬兰,赫尔辛基,324 ms
144.22.252.124,443,true,GRU,南美,BR,巴西,圣保罗,326 ms
132.226.163.224,8443,true,GRU,南美,BR,巴西,圣保罗,327 ms
128.140.124.244,8443,true,FRA,欧洲,DE,德国,法兰克福,327 ms
193.42.36.44,443,true,WAW,欧洲,PL,波兰,华沙,328 ms
168.138.141.235,2053,true,GRU,南美,BR,巴西,圣保罗,328 ms
88.119.161.187,443,true,WAW,欧洲,PL,波兰,华沙,328 ms
4.221.60.243,2053,true,JNB,非洲,ZA,南非,约翰内斯堡,330 ms
4.221.60.243,8443,true,JNB,非洲,ZA,南非,约翰内斯堡,332 ms
146.235.59.153,8443,true,GRU,南美,BR,巴西,圣保罗,336 ms
176.97.72.18,443,true,MAD,欧洲,ES,西班牙,马德里,338 ms
132.226.163.224,2053,true,GRU,南美,BR,巴西,圣保罗,347 ms
65.109.208.21,8443,true,HEL,欧洲,FI,芬兰,赫尔辛基,350 ms
64.176.167.241,8443,true,FRA,欧洲,DE,德国,法兰克福,350 ms
129.159.132.0,8443,true,TLV,中东,IL,以色列,特拉维夫,353 ms
165.1.123.204,443,true,SCL,南美,CL,智利,圣地亚哥,353 ms
129.159.132.0,2053,true,TLV,中东,IL,以色列,特拉维夫,354 ms
129.159.130.38,443,true,CDG,欧洲,FR,法国,巴黎,359 ms
190.183.61.62,2053,true,EZE,南美,AR,阿根廷,布宜诺斯艾利斯,363 ms
103.94.185.165,23429,true,LAX,北美洲,US,美国,洛杉矶,399 ms
185.143.179.94,443,true,VIE,欧洲,AT,奥地利,维也纳,399 ms
172.247.15.240,34237,true,LAX,北美洲,US,美国,洛杉矶,409 ms
103.99.178.62,51794,true,LAX,北美洲,US,美国,洛杉矶,419 ms
103.99.178.62,31940,true,LAX,北美洲,US,美国,洛杉矶,438 ms
47.253.130.14,8443,true,IAD,北美洲,US,美国,阿什本,440 ms
220.92.184.206,18080,true,KIX,亚太,JP,日本,大阪,447 ms
103.99.179.39,443,true,LAX,北美洲,US,美国,洛杉矶,450 ms
172.247.123.56,34237,true,LAX,北美洲,US,美国,洛杉矶,453 ms
23.225.195.46,14369,true,LAX,北美洲,US,美国,洛杉矶,454 ms
103.99.178.62,13241,true,LAX,北美洲,US,美国,洛杉矶,466 ms
38.6.190.192,2087,true,LAX,北美洲,US,美国,洛杉矶,471 ms
172.247.21.125,443,true,LAX,北美洲,US,美国,洛杉矶,476 ms
47.253.105.131,443,true,IAD,北美洲,US,美国,阿什本,481 ms
2.56.255.16,443,true,LAX,北美洲,US,美国,洛杉矶,518 ms
